b'30-jarige die zijn #COVID?19 #coronavirus besmetting ?opzettelijk? en doelbewust uitlokte op een #Covidfeestje in Texas is aan de ziekte bezweken https://t.co/vaHqCc2met',8150
Russia first nation to successfully complete human trials of #coronavirus #COVID19 vaccine  https://t.co/w6plWQ3inF,72
#12Jul El gremio hotelero sucrense advierte la necesidad de una indemnizaci?n a los propietarios ante la toma de las instalaciones para aislar pacientes de #coronavirus. Esto con el objetivo de cubrir gastos y el  mantenimiento de los espacios...,39
".@GavinNewsom is releasing 8,000 inmates due to #coronavirus fears! ? I?m fed up with his ?leadership.? I?m seriously considering a 2022 run for Governor of California. I need your help #AubreysArmy #Huff2022 https://t.co/JUE5e5biJt",869
"b'Delaware reports 61 new cases bringing total confirmed cases there to 12,804 and 517 total deaths.  #CoronaVirus #Covid19 #CoronaVirusOutbreak'",17610
b'Rodot? Interviene a favore della Costituzione https://t.co/kOrkONu0Qw #coronavirus  #Conte  #CONTEDIMETTITI  #COVID19italia  #emergenza',5169
"?is one of the best examples of #scicomm #MedEd  #Coronavirus Disease 2019 (#COVID19 ) - Epidemiology, Diagnosis, and Treatment @JAMA_current   https://t.co/ueTnwrg885",564
b'#coronavirus 2020 Summer Kids Skirt Dot Pattern Baby Girls Skirt Single-breasted A-Line Skirt For Girls Spring Novelty Baby Clothes For Girls https://t.co/9Z1XWVWXvy https://t.co/5OsNyEu6sx',8
Ron DeSantis has blood on his hands.  #Coronavirus https://t.co/KvfTIBbQBv,5361
"AP is at Top 4 in India in #Covid19 cases today   Maharashtra  7827 Tamilnadu 4244 Karnataka 2627 AP 1933 Delhi 1573  Telangana 1269   Apparently , AP is  reporting India?s highest number of Covid cases in no metro city states   #coronavirus #CoronavirusIndia",232
